{"cameraMode":{"drawMode":0,"name":"Shaded","section":"Shading Mode"},"sceneLighting":false,"audioPlay":false,"sceneViewState":{"showFog":true,"showMaterialUpdate":true,"showSkybox":false,"showFlares":true,"showImageEffects":true,"showParticleSystems":true},"in2DMode":false,"pivot":{"x":0.11414429545402527,"y":0.07609355449676514,"z":0.007472708821296692},"rotation":{"x":0.2662353217601776,"y":-0.5248651504516602,"z":0.17714457213878632,"w":0.7888359427452087},"size":0.7674807906150818,"orthographic":false}