{"cameraMode":{"drawMode":0,"name":"Shaded","section":"Shading Mode"},"sceneLighting":true,"audioPlay":false,"sceneViewState":{"showFog":true,"showMaterialUpdate":true,"showSkybox":true,"showFlares":true,"showImageEffects":true,"showParticleSystems":true},"in2DMode":false,"pivot":{"x":55.47897720336914,"y":-1.1676445007324219,"z":-3.029379367828369},"rotation":{"x":0.62552809715271,"y":0.01170174777507782,"z":-0.009383625350892544,"w":0.780057966709137},"size":25.080904006958009,"orthographic":false}