{"cameraMode":{"drawMode":0,"name":"Shaded","section":"Shading Mode"},"sceneLighting":true,"audioPlay":false,"sceneViewState":{"showFog":true,"showMaterialUpdate":true,"showSkybox":true,"showFlares":true,"showImageEffects":true,"showParticleSystems":true},"in2DMode":false,"pivot":{"x":56.67123794555664,"y":-0.9847793579101563,"z":-0.6559672355651856},"rotation":{"x":0.6566725373268127,"y":0.0022626779973506929,"z":-0.0019691253546625377,"w":0.7541763782501221},"size":29.466629028320314,"orthographic":false}