{"cameraMode":{"drawMode":0,"name":"Shaded","section":"Shading Mode"},"sceneLighting":true,"audioPlay":false,"sceneViewState":{"showFog":true,"showMaterialUpdate":true,"showSkybox":true,"showFlares":true,"showImageEffects":true,"showParticleSystems":true},"in2DMode":false,"pivot":{"x":56.22939682006836,"y":6.918839454650879,"z":-8.434343338012696},"rotation":{"x":0.48371726274490359,"y":0.0026252977550029756,"z":-0.001451016403734684,"w":0.8752225041389465},"size":14.938383102416993,"orthographic":false}