{"cameraMode":{"drawMode":0,"name":"Shaded","section":"Shading Mode"},"sceneLighting":true,"audioPlay":false,"sceneViewState":{"showFog":true,"showMaterialUpdate":true,"showSkybox":true,"showFlares":true,"showImageEffects":true,"showParticleSystems":true},"in2DMode":false,"pivot":{"x":-2.2814955711364748,"y":-0.5295162200927734,"z":6.722009658813477},"rotation":{"x":0.13309824466705323,"y":-0.009516200982034207,"z":0.001278489944525063,"w":0.9910620450973511},"size":13.068230628967286,"orthographic":false}