{"cameraMode":{"drawMode":0,"name":"Shaded","section":"Shading Mode"},"sceneLighting":true,"audioPlay":false,"sceneViewState":{"showFog":true,"showMaterialUpdate":true,"showSkybox":true,"showFlares":true,"showImageEffects":true,"showParticleSystems":true},"in2DMode":false,"pivot":{"x":40.291751861572269,"y":-5.528670787811279,"z":-12.412914276123047},"rotation":{"x":0.6597018837928772,"y":-0.02478637546300888,"z":0.021776916459202768,"w":0.7508062124252319},"size":13.193360328674317,"orthographic":false}