{"cameraMode":{"drawMode":0,"name":"Shaded","section":"Shading Mode"},"sceneLighting":true,"audioPlay":false,"sceneViewState":{"showFog":true,"showMaterialUpdate":true,"showSkybox":true,"showFlares":true,"showImageEffects":true,"showParticleSystems":true},"in2DMode":false,"pivot":{"x":53.87624740600586,"y":6.814399719238281,"z":-8.586451530456543},"rotation":{"x":0.48371726274490359,"y":0.0026252977550029756,"z":-0.001451016403734684,"w":0.8752225041389465},"size":17.424030303955079,"orthographic":false}